ias_kt,palt_ft,ias_valid,aoa_deg,coeff_p,flaps_pos,flaps_index,flaps_raw_adc,flaps_raw_adc_present,pitch_deg,roll_deg,flight_path_deg,kalman_vsi_mps,imu_fwd_g,imu_lat_g,imu_vert_g,imu_roll_dps,imu_pitch_dps,imu_yaw_dps,accel_lat_corr,accel_vert_corr,data_mark
60.0000,5000.0000,1,0.0000,0.2000,0,0,0,0,3.5000,1.2000,2.1000,0.000000,-0.0500,0.0100,1.0200,0.0500,-0.1000,0.0000,0.0100,1.0200,0
60.5000,5000.0000,1,0.0000,0.2000,0,0,0,0,3.5200,1.1800,2.0800,0.000000,-0.0510,0.0090,1.0190,0.0480,-0.0980,0.0000,0.0090,1.0190,0
61.0000,5000.0000,1,0.0000,0.2000,0,0,0,0,3.5400,1.1600,2.0600,0.000000,-0.0520,0.0080,1.0180,0.0460,-0.0960,0.0000,0.0080,1.0180,0
61.5000,5000.0000,1,0.0000,0.2000,0,0,0,0,3.5600,1.1400,2.0400,0.000000,-0.0530,0.0070,1.0170,0.0440,-0.0940,0.0000,0.0070,1.0170,0
62.0000,4998.0000,1,0.0000,0.2000,0,0,0,0,3.5800,1.1200,2.0200,0.000000,-0.0540,0.0060,1.0160,0.0420,-0.0920,0.0000,0.0060,1.0160,0
